Location,X,Y
Start,44.127985,-92.148796
