Location,X,Y
North Picnic,44.05468128,-92.04487693
